Episode,Steps,Avg Reward,Avg Loss
0,461,-0.0021239723818008227,0.0
1,187,-0.004869457110426375,0.0
2,197,-0.00568988517263537,0.0
3,392,-0.0023576841587912767,0.0
4,305,-0.003484551731376287,0.0
5,406,-0.0019360483967933405,0.0
6,168,-0.0064836190438988354,0.0
7,90,-0.012636536337898482,0.0
8,222,-0.005081400535547661,0.0
9,315,-0.002365884247022237,0.0
10,268,-0.0036689022764091308,0.0
11,234,-0.00430634164461871,0.0
