Episode,Steps,Avg Reward,Avg Loss
0,210,-0.005465896795213407,3.543131399154663
1,260,-0.004188346588845732,0.3221735585480928
